City_ID,City,Country,Date,Lat,Lng,Max Temp,Humidity,Cloudiness,Wind Speed
0,Saint-Philippe,RE,2022-01-31 23:18:15,-21.3585,55.7679,78.39,80,98,14.23
1,Alofi,NU,2022-01-31 23:15:29,-19.0595,-169.9187,78.69,83,75,9.22
2,Sunrise Manor,US,2022-01-31 23:18:16,36.2111,-115.0731,62.24,16,0,4.61
3,Nikolskoye,RU,2022-01-31 23:18:17,59.7035,30.7861,26.4,96,100,5.08
4,New Norfolk,AU,2022-01-31 23:18:17,-42.7826,147.0587,85.66,43,25,3.0
5,Fairbanks,US,2022-01-31 23:15:25,64.8378,-147.7164,-2.07,72,0,0.0
6,Bambous Virieux,MU,2022-01-31 23:18:18,-20.3428,57.7575,80.22,78,75,14.97
7,Butaritari,KI,2022-01-31 23:18:19,3.0707,172.7902,81.3,79,93,13.02
8,Sept-Iles,CA,2022-01-31 23:18:20,50.2001,-66.3821,7.05,59,20,4.0
9,Barrow,US,2022-01-31 23:16:31,71.2906,-156.7887,-12.98,77,20,10.36
10,Chokurdakh,RU,2022-01-31 23:18:20,70.6333,147.9167,-13.61,94,100,1.97
11,Ushtobe,KZ,2022-01-31 23:18:21,45.2514,77.9838,21.09,83,100,8.79
12,Gat,IL,2022-01-31 23:18:21,31.61,34.7642,52.39,100,59,9.35
13,Mataura,NZ,2022-01-31 23:18:22,-46.1927,168.8643,75.47,54,63,2.15
14,Dikson,RU,2022-01-31 23:18:22,73.5069,80.5464,-3.35,91,100,17.96
15,Kaitangata,NZ,2022-01-31 23:18:23,-46.2817,169.8464,70.93,73,59,4.65
16,Punta Arenas,CL,2022-01-31 23:18:23,-53.15,-70.9167,46.51,81,40,24.16
17,Port Lincoln,AU,2022-01-31 23:18:24,-34.7333,135.8667,64.02,71,66,21.32
18,General Pico,AR,2022-01-31 23:18:24,-35.6566,-63.7568,69.71,48,68,8.3
19,Pathein,MM,2022-01-31 23:18:25,16.7833,94.7333,61.79,72,84,3.53
20,Albany,US,2022-01-31 23:17:22,42.6001,-73.9662,22.57,62,7,1.39
21,Chuy,UY,2022-01-31 23:18:26,-33.6971,-53.4616,65.08,61,31,11.52
22,Atuona,PF,2022-01-31 23:18:26,-9.8,-139.0333,78.51,75,16,19.19
23,Zaragoza,ES,2022-01-31 23:18:27,41.6561,-0.8773,49.01,67,20,18.01
24,Hermanus,ZA,2022-01-31 23:18:27,-34.4187,19.2345,73.9,85,12,8.61
25,Tiksi,RU,2022-01-31 23:18:28,71.6872,128.8694,-10.75,99,100,6.67
26,Lavrentiya,RU,2022-01-31 23:13:45,65.5833,-171.0,-0.42,83,56,11.65
27,Mar Del Plata,AR,2022-01-31 23:17:08,-38.0023,-57.5575,64.42,57,0,3.0
28,Ewa Beach,US,2022-01-31 23:18:29,21.3156,-158.0072,80.6,57,0,10.0
29,Busselton,AU,2022-01-31 23:18:29,-33.65,115.3333,62.04,59,20,15.5
30,La Crosse,US,2022-01-31 23:18:18,43.8014,-91.2396,32.56,65,40,7.0
31,San Juan,AR,2022-01-31 23:17:25,-31.5375,-68.5364,88.14,21,0,3.85
32,Puerto Ayora,EC,2022-01-31 23:16:47,-0.7393,-90.3518,74.55,92,63,3.0
33,Kodiak,US,2022-01-31 23:18:31,57.79,-152.4072,29.71,74,100,5.75
34,Coquimbo,CL,2022-01-31 23:16:21,-29.9533,-71.3436,65.93,77,40,10.36
35,Jinchang,CN,2022-01-31 23:18:31,38.4953,102.1739,17.55,37,100,1.72
36,Lodja,CD,2022-01-31 23:18:32,-3.4833,23.4333,69.51,98,100,2.91
37,Salamiyah,SY,2022-01-31 23:18:32,35.0113,37.0532,41.86,87,51,2.91
38,Richards Bay,ZA,2022-01-31 23:18:33,-28.783,32.0377,74.77,81,43,9.66
39,Saskylakh,RU,2022-01-31 23:18:33,71.9167,114.0833,-28.75,100,88,2.17
40,Tuktoyaktuk,CA,2022-01-31 23:15:35,69.4541,-133.0374,-18.4,76,75,0.0
41,Hithadhoo,MV,2022-01-31 23:18:34,-0.6,73.0833,82.2,74,22,9.35
42,Vaini,TO,2022-01-31 23:18:35,-21.2,-175.2,86.16,79,75,10.36
43,Esperance,AU,2022-01-31 23:19:36,-33.8667,121.9,61.93,59,89,16.73
44,Kangaatsiaq,GL,2022-01-31 23:19:36,68.3065,-53.4641,11.86,68,100,14.63
45,Tasiilaq,GL,2022-01-31 23:19:37,65.6145,-37.6368,8.76,98,99,4.61
46,Hobart,AU,2022-01-31 23:18:02,-42.8794,147.3294,86.02,52,40,1.01
47,Otane,NZ,2022-01-31 23:19:37,-39.8833,176.6333,79.39,46,88,7.67
48,Carnarvon,AU,2022-01-31 23:19:38,-24.8667,113.6333,78.87,73,0,10.36
49,Pisco,PE,2022-01-31 23:19:39,-13.7,-76.2167,73.45,73,40,19.57
50,Phan Thiet,VN,2022-01-31 23:19:39,10.9333,108.1,71.91,90,4,7.99
51,Khorixas,NA,2022-01-31 23:19:40,-20.3667,14.9667,62.96,69,98,11.68
52,Victoria,HK,2022-01-31 23:14:57,22.2855,114.1577,58.95,92,99,11.48
53,Kadoma,JP,2022-01-31 23:19:41,34.7333,135.5833,42.78,73,20,3.44
54,Kashan,IR,2022-01-31 23:19:41,33.9831,51.4364,49.59,53,100,6.91
55,Grand Gaube,MU,2022-01-31 23:19:42,-20.0064,57.6608,80.38,70,44,7.0
56,Poum,NC,2022-01-31 23:19:42,-20.2333,164.0167,81.16,73,97,11.95
57,Namatanai,PG,2022-01-31 23:19:43,-3.6667,152.4333,81.09,79,96,3.4
58,San Patricio,US,2022-01-31 23:19:43,28.017,-97.5169,72.28,84,97,6.24
59,Thompson,CA,2022-01-31 23:18:51,55.7435,-97.8558,1.56,78,100,6.91
60,Aneho,TG,2022-01-31 23:19:44,6.2333,1.6,77.65,72,99,9.26
61,Havelock,US,2022-01-31 23:19:45,34.8791,-76.9013,46.94,60,79,6.55
62,Rikitea,PF,2022-01-31 23:19:45,-23.1203,-134.9692,77.7,66,68,3.69
63,Kahului,US,2022-01-31 23:19:46,20.8947,-156.47,79.86,68,40,16.11
64,Suraabad,AZ,2022-01-31 23:19:46,40.8192,49.4687,37.58,66,2,5.53
65,Kipini,KE,2022-01-31 23:19:47,-2.5257,40.5262,79.09,86,81,9.08
66,Iqaluit,CA,2022-01-31 23:19:47,63.7506,-68.5145,-29.31,66,20,3.0
67,Bluff,NZ,2022-01-31 23:19:48,-46.6,168.3333,75.79,79,28,2.06
68,Mankono,CI,2022-01-31 23:19:49,8.0586,-6.1897,75.96,15,9,3.11
69,Mahajanga,MG,2022-01-31 23:19:49,-15.7167,46.3167,78.82,94,20,3.44
70,Isangel,VU,2022-01-31 23:19:49,-19.55,169.2667,82.51,89,100,5.75
71,Maryborough,AU,2022-01-31 23:19:50,-25.5333,152.7,86.32,56,24,4.94
72,Sharan,RU,2022-01-31 23:19:51,54.8167,54.0,28.2,95,100,16.91
73,Qaanaaq,GL,2022-01-31 23:19:51,77.484,-69.3632,-22.59,51,0,10.22
74,Bakani,IN,2022-01-31 23:19:52,24.2833,76.2333,60.08,55,0,4.29
75,Sinnamary,GF,2022-01-31 23:19:52,5.3833,-52.95,76.8,86,100,10.11
76,Kruisfontein,ZA,2022-01-31 23:19:53,-34.0033,24.7314,70.88,95,100,4.59
77,Mahebourg,MU,2022-01-31 23:19:20,-20.4081,57.7,80.26,78,75,14.97
78,Gornopravdinsk,RU,2022-01-31 23:19:54,60.05,69.9,5.99,97,100,3.49
79,Havre-Saint-Pierre,CA,2022-01-31 23:19:54,50.2334,-63.5986,12.79,72,100,13.8
80,Rocha,UY,2022-01-31 23:19:20,-34.4833,-54.3333,62.06,63,12,8.34
81,Pochutla,MX,2022-01-31 23:19:55,15.7432,-96.4661,83.25,55,6,12.08
82,Cabo San Lucas,MX,2022-01-31 23:19:56,22.8909,-109.9124,77.61,58,0,5.01
83,Hilo,US,2022-01-31 23:19:56,19.7297,-155.09,80.33,60,20,11.5
84,Fort Nelson,CA,2022-01-31 23:19:57,58.8053,-122.7002,-0.81,78,75,2.3
85,Kavaratti,IN,2022-01-31 23:18:01,10.5669,72.642,80.17,73,1,10.96
86,Adrar,MR,2022-01-31 23:19:57,20.5022,-10.0711,73.58,14,100,10.74
87,Taraza,CO,2022-01-31 23:19:58,7.5836,-75.4007,77.34,82,20,2.91
88,Hare Bay,CA,2022-01-31 23:20:59,48.8499,-54.0148,27.75,67,58,9.82
89,Nemencine,LT,2022-01-31 23:20:59,54.85,25.4833,25.32,94,99,10.65
90,Honningsvag,NO,2022-01-31 23:21:00,70.9821,25.9704,29.7,74,100,13.22
91,Ushuaia,AR,2022-01-31 23:21:00,-54.8,-68.3,42.46,87,40,24.16
92,Georgetown,MY,2022-01-31 23:21:01,5.4112,100.3354,79.9,86,20,1.01
93,Sabang,ID,2022-01-31 23:21:01,5.8933,95.3214,81.61,75,98,11.25
94,Lebu,CL,2022-01-31 23:21:02,-37.6167,-73.65,59.4,72,0,17.98
95,Klaksvik,FO,2022-01-31 23:21:02,62.2266,-6.589,47.32,87,100,34.92
96,Gaoua,BF,2022-01-31 23:21:03,10.2992,-3.2508,76.15,13,14,5.17
97,Garden City,US,2022-01-31 23:21:03,42.3256,-83.331,27.66,67,40,5.75
98,Nikki,BJ,2022-01-31 23:21:04,9.9401,3.2108,73.99,12,90,8.3
99,Noumea,NC,2022-01-31 23:21:04,-22.2763,166.4572,82.38,74,100,5.01
100,Norman Wells,CA,2022-01-31 23:21:05,65.282,-126.8329,5.04,72,100,11.5
101,Teknaf,BD,2022-01-31 23:21:05,20.8624,92.3058,58.55,65,65,6.53
102,Suntar,RU,2022-01-31 23:21:06,62.1444,117.6319,-13.49,100,97,2.71
103,Golden,US,2022-01-31 23:19:45,39.7555,-105.2211,56.89,16,20,19.57
104,Yumen,CN,2022-01-31 23:21:06,40.2833,97.2,14.74,30,97,5.66
105,Cherskiy,RU,2022-01-31 23:21:07,68.75,161.3,-11.0,92,100,4.54
106,Berlevag,NO,2022-01-31 23:21:07,70.8578,29.0864,23.31,80,95,9.01
107,Ilulissat,GL,2022-01-31 23:21:08,69.2167,-51.1,8.62,66,40,13.8
108,Sao Filipe,CV,2022-01-31 23:21:08,14.8961,-24.4956,74.46,70,100,7.74
109,Shenjiamen,CN,2022-01-31 23:16:45,29.9576,122.298,42.26,63,96,7.67
110,Lady Frere,ZA,2022-01-31 23:21:09,-31.7031,27.2329,67.71,80,100,5.01
111,Deputatskiy,RU,2022-01-31 23:21:10,69.3,139.9,-26.52,100,58,3.38
112,Cabadiangan,PH,2022-01-31 23:21:10,9.7531,122.4739,76.44,87,98,4.72
113,Raudeberg,NO,2022-01-31 23:21:11,61.9875,5.1352,30.87,87,100,3.0
114,Chegutu,ZW,2022-01-31 23:21:12,-18.1302,30.1407,62.53,92,35,4.41
115,Rawson,AR,2022-01-31 23:21:12,-43.3002,-65.1023,77.94,22,49,11.61
116,Uzventis,LT,2022-01-31 23:21:13,55.7803,22.6547,24.87,91,66,9.57
117,Arraial Do Cabo,BR,2022-01-31 23:21:13,-22.9661,-42.0278,75.16,94,75,3.44
118,Pevek,RU,2022-01-31 23:21:14,69.7008,170.3133,-14.94,95,100,1.23
119,Bredasdorp,ZA,2022-01-31 23:21:14,-34.5322,20.0403,73.27,88,63,4.61
120,Ribeira Grande,PT,2022-01-31 23:21:15,38.5167,-28.7,60.01,74,15,15.14
121,Tuatapere,NZ,2022-01-31 23:21:16,-46.1333,167.6833,75.81,54,69,0.4
122,Severo-Yeniseyskiy,RU,2022-01-31 23:21:16,60.3725,93.0408,-8.07,98,90,4.16
123,Port Alfred,ZA,2022-01-31 23:18:04,-33.5906,26.891,75.22,95,100,5.48
124,Smithers,CA,2022-01-31 23:21:17,54.7804,-127.1743,26.92,93,75,2.3
125,Maraa,BR,2022-01-31 23:21:18,-1.8333,-65.3667,79.32,79,99,2.62
126,Blagoyevo,RU,2022-01-31 23:21:18,63.3667,47.9167,1.15,98,97,3.85
127,Ilo,PE,2022-01-31 23:21:19,-17.6394,-71.3375,70.25,76,5,5.21
128,Port Keats,AU,2022-01-31 23:21:20,-14.25,129.55,81.12,81,64,23.33
129,Los Andes,CL,2022-01-31 23:21:20,-32.8337,-70.5983,76.01,47,1,8.43
130,Olga,RU,2022-01-31 23:21:21,43.7444,135.2892,7.27,72,0,6.58
131,Corrente,BR,2022-01-31 23:21:21,-3.7367,-43.3394,75.42,83,64,3.36
132,Upernavik,GL,2022-01-31 23:21:22,72.7868,-56.1549,-19.8,99,92,6.4
133,Lorengau,PG,2022-01-31 23:21:22,-2.0226,147.2712,77.9,90,100,10.78
134,Kapaa,US,2022-01-31 23:22:23,22.0752,-159.319,75.18,72,0,3.0
135,Udachnyy,RU,2022-01-31 23:22:23,66.4167,112.4,-35.48,100,85,3.36
136,Zunyi,CN,2022-01-31 23:22:24,27.6867,106.9072,34.32,99,96,3.56
137,Cap-Haitien,HT,2022-01-31 23:22:24,19.7578,-72.2042,73.71,83,97,19.77
138,Gao,ML,2022-01-31 23:22:25,16.6362,1.637,63.86,10,20,12.75
139,Maceio,BR,2022-01-31 23:22:25,-9.6658,-35.7353,80.04,83,0,5.75
140,Bethel,US,2022-01-31 23:22:26,41.3712,-73.414,25.66,90,65,0.74
141,Wajima,JP,2022-01-31 23:22:26,37.4,136.9,30.88,93,20,0.0
142,Gloversville,US,2022-01-31 23:22:27,43.0528,-74.3438,21.96,56,0,4.61
143,Juba,SS,2022-01-31 23:22:27,4.8517,31.5825,84.74,22,95,2.68
144,East London,ZA,2022-01-31 23:22:28,-33.0153,27.9116,76.98,78,100,2.35
145,Nalut,LY,2022-01-31 23:22:28,30.3333,10.85,46.98,38,51,9.95
146,Rach Gia,VN,2022-01-31 23:22:29,10.0167,105.0833,75.15,91,12,7.29
147,Castro,BR,2022-01-31 23:22:29,-24.7911,-50.0119,65.37,87,9,3.6
148,Fortuna,US,2022-01-31 23:22:00,40.5982,-124.1573,54.43,71,0,5.01
149,Husavik,IS,2022-01-31 23:22:30,66.0449,-17.3389,21.11,94,100,7.72
150,Pangkalanbuun,ID,2022-01-31 23:22:31,-2.6833,111.6167,73.53,91,100,2.06
151,Alyangula,AU,2022-01-31 23:22:31,-13.8483,136.4192,82.29,70,100,16.62
152,Ormara,PK,2022-01-31 23:22:32,25.2088,64.6357,73.49,42,0,7.87
153,Urucui,BR,2022-01-31 23:22:32,-7.2294,-44.5561,78.17,75,77,1.86
154,Buchanan,LR,2022-01-31 23:22:33,5.8808,-10.0467,76.96,86,64,5.26
155,Mundra,IN,2022-01-31 23:22:33,22.85,69.7333,67.1,88,0,7.56
156,Souillac,MU,2022-01-31 23:22:34,-20.5167,57.5167,80.37,78,75,14.97
157,Namibe,AO,2022-01-31 23:22:34,-15.1961,12.1522,72.28,73,96,8.25
158,Monchegorsk,RU,2022-01-31 23:22:35,67.9397,32.8739,2.48,100,54,0.85
159,Dickinson,US,2022-01-31 23:22:36,29.4608,-95.0513,60.04,93,100,1.99
160,Ancud,CL,2022-01-31 23:22:36,-41.8697,-73.8203,62.42,72,2,8.61
161,La Ronge,CA,2022-01-31 23:22:37,55.1001,-105.2842,5.25,72,100,16.11
162,Mwinilunga,ZM,2022-01-31 23:22:37,-11.7358,24.4293,60.94,98,92,4.45
163,Turukhansk,RU,2022-01-31 23:22:38,65.8167,87.9833,9.55,94,100,11.83
164,Cape Town,ZA,2022-01-31 23:22:38,-33.9258,18.4232,74.12,80,0,2.3
165,Mercedes,AR,2022-01-31 23:22:39,-34.6515,-59.4307,72.86,41,8,8.63
166,Banda Aceh,ID,2022-01-31 23:22:39,5.5577,95.3222,76.84,84,54,7.85
167,Chifeng,CN,2022-01-31 23:22:40,42.2683,118.9636,5.56,69,0,5.46
168,Saldanha,ZA,2022-01-31 23:22:40,-33.0117,17.9442,66.25,70,16,5.75
169,Humberto De Campos,BR,2022-01-31 23:22:41,-2.5983,-43.4611,78.24,85,59,8.77
170,Sibolga,ID,2022-01-31 23:22:41,1.7427,98.7792,74.82,89,54,3.49
171,Ossora,RU,2022-01-31 23:22:42,59.2353,163.0719,19.89,94,100,16.26
172,Alta Floresta,BR,2022-01-31 23:22:42,-9.8756,-56.0861,70.97,97,71,2.55
173,Jamestown,US,2022-01-31 23:20:49,42.097,-79.2353,29.84,50,0,5.75
174,Provideniya,RU,2022-01-31 23:22:43,64.3833,-173.3,8.71,56,40,20.13
175,Saint-Pierre,RE,2022-01-31 23:22:44,-21.3393,55.4781,78.48,73,75,13.8
176,Kavieng,PG,2022-01-31 23:22:44,-2.5744,150.7967,80.89,79,100,8.43
177,Chapais,CA,2022-01-31 23:22:45,49.7834,-74.8492,-11.42,97,96,2.71
178,Empalme,MX,2022-01-31 23:22:45,27.9667,-110.8167,79.36,52,0,18.41
179,Margate,GB,2022-01-31 23:22:46,51.3813,1.3862,40.95,82,52,3.0
180,Ambatofinandrahana,MG,2022-01-31 23:22:46,-20.55,46.8,61.99,81,77,6.49
181,Ehingen,DE,2022-01-31 23:23:47,48.2826,9.7275,35.22,92,100,19.6
182,Omsukchan,RU,2022-01-31 23:23:47,62.5333,155.8,-4.77,97,100,7.14
183,North Myrtle Beach,US,2022-01-31 23:23:31,33.816,-78.68,48.49,82,0,0.0
184,Nushki,PK,2022-01-31 23:23:48,29.5542,66.0215,50.4,45,0,2.84
185,Severo-Kurilsk,RU,2022-01-31 23:20:58,50.6789,156.125,28.85,76,100,20.02
186,Goderich,CA,2022-01-31 23:23:49,43.7501,-81.7165,23.32,63,27,5.75
187,Korla,CN,2022-01-31 23:19:30,41.7597,86.1469,22.1,55,57,1.52
188,Namie,JP,2022-01-31 23:23:50,37.4833,141.0,36.97,65,5,0.25
189,Barberino Di Mugello,IT,2022-01-31 23:23:50,44.0027,11.2371,44.17,51,22,7.23
190,Puerto Narino,CO,2022-01-31 23:23:51,-3.7703,-70.3831,85.95,72,89,2.73
191,Clyde River,CA,2022-01-31 23:23:52,70.4692,-68.5914,-34.37,67,75,6.91
192,Agadir,MA,2022-01-31 23:20:40,30.4202,-9.5982,63.05,49,49,3.27
193,Yulara,AU,2022-01-31 23:23:52,-25.2406,130.9889,71.44,100,100,17.27
194,Upata,VE,2022-01-31 23:23:53,8.0086,-62.3989,77.2,64,94,5.68
195,Hadejia,NG,2022-01-31 23:23:53,12.4498,10.0444,62.49,21,3,9.78
196,Vardo,NO,2022-01-31 23:23:53,70.3705,31.1107,14.2,81,59,8.55
197,Zonguldak,TR,2022-01-31 23:23:54,41.25,31.8333,22.73,88,34,5.73
198,Broken Hill,AU,2022-01-31 23:19:15,-31.95,141.4333,77.18,65,100,8.59
199,Kathmandu,NP,2022-01-31 23:22:04,27.7167,85.3167,41.22,100,40,2.3
200,Khatanga,RU,2022-01-31 23:23:55,71.9667,102.5,-28.89,100,47,2.77
201,Corinto,GR,2022-01-31 23:23:55,37.9407,22.9573,54.68,81,100,2.77
202,Gilgit,PK,2022-01-31 23:23:56,35.9221,74.3087,27.84,80,99,2.59
203,Magadan,RU,2022-01-31 23:23:56,59.5667,150.8,2.37,77,86,12.19
204,Filadelfia,US,2022-01-31 23:20:03,39.9523,-75.1638,30.52,63,40,8.05
205,Aykhal,RU,2022-01-31 23:23:57,66.0,111.5,-27.27,100,92,5.03
206,Lagoa,PT,2022-01-31 23:23:58,39.05,-27.9833,58.69,78,27,23.98
207,Limerick,IE,2022-01-31 23:23:58,52.6647,-8.6231,49.95,85,93,18.12
208,Faanui,PF,2022-01-31 23:23:59,-16.4833,-151.75,81.45,72,5,19.13
209,Touros,BR,2022-01-31 23:23:59,-5.1989,-35.4608,79.7,72,57,13.27
210,Mount Isa,AU,2022-01-31 23:24:00,-20.7333,139.5,83.97,79,95,14.97
211,Ostrovnoy,RU,2022-01-31 23:19:33,68.0531,39.5131,12.15,96,99,5.7
212,Saurimo,AO,2022-01-31 23:24:01,-9.6608,20.3916,64.24,97,100,3.62
213,Constitucion,CL,2022-01-31 23:24:01,-35.3333,-72.4167,64.53,63,0,12.62
214,Gunjur,GM,2022-01-31 23:24:02,13.2019,-16.7339,75.27,60,100,10.36
215,Talnakh,RU,2022-01-31 23:23:09,69.4865,88.3972,6.21,95,100,8.75
216,Avarua,CK,2022-01-31 23:24:02,-21.2078,-159.775,73.45,100,100,11.5
217,Cockburn Town,TC,2022-01-31 23:21:37,21.4612,-71.1419,73.87,71,99,22.79
218,Petropavlovsk-Kamchatskiy,RU,2022-01-31 23:24:03,53.0452,158.6483,27.19,59,75,13.42
219,Hasaki,JP,2022-01-31 23:22:36,35.7333,140.8333,36.0,43,74,6.22
220,Tecoanapa,MX,2022-01-31 23:24:04,16.5167,-98.75,82.35,60,0,12.06
221,Petatlan,MX,2022-01-31 23:24:05,17.5167,-101.2667,85.8,52,0,6.58
222,Tiznit,MA,2022-01-31 23:24:05,29.5833,-9.5,64.45,40,100,4.85
223,Port Elizabeth,ZA,2022-01-31 23:24:06,-33.918,25.5701,73.69,94,100,9.22
224,Abha,SA,2022-01-31 23:24:06,18.2164,42.5053,53.42,82,0,8.05
225,Daru,PG,2022-01-31 23:25:07,-9.0763,143.2092,77.49,89,100,10.8
226,Fukue,JP,2022-01-31 23:25:08,32.6881,128.8419,43.16,70,75,1.14
227,Cidreira,BR,2022-01-31 23:25:08,-30.1811,-50.2056,73.83,84,28,6.96
228,Pangnirtung,CA,2022-01-31 23:25:09,66.1451,-65.7125,-25.6,68,20,2.3
229,Urengoy,RU,2022-01-31 23:25:09,65.9667,78.3667,5.97,97,100,6.51
230,Launceston,AU,2022-01-31 23:25:10,-41.45,147.1667,74.84,72,75,7.0
231,Ambon,ID,2022-01-31 23:25:10,-3.6954,128.1814,84.34,70,40,9.22
232,Bagacay,PH,2022-01-31 23:25:11,12.9821,124.1415,78.6,84,60,16.35
233,Katsuura,JP,2022-01-31 23:25:11,35.1333,140.3,44.11,44,87,5.21
234,Santa Maria,BR,2022-01-31 23:24:57,-29.6842,-53.8069,81.7,51,40,3.44
235,Uribia,CO,2022-01-31 23:25:12,11.7139,-72.266,80.8,62,11,13.82
236,Yuanping,CN,2022-01-31 23:25:12,38.7153,112.7575,18.25,41,0,2.06
237,Meulaboh,ID,2022-01-31 23:23:02,4.1363,96.1285,76.33,87,32,2.37
238,Belmonte,BR,2022-01-31 23:25:13,-15.8631,-38.8828,81.1,82,33,9.86
239,Gobabis,NA,2022-01-31 23:25:13,-22.45,18.9667,69.03,79,100,9.75
240,Dauriya,RU,2022-01-31 23:25:14,49.9333,116.8667,-25.55,100,52,2.37
241,Aripuana,BR,2022-01-31 23:25:15,-9.1667,-60.6333,72.18,97,100,1.86
242,Celestun,MX,2022-01-31 23:21:18,20.8667,-90.4,75.09,62,2,14.61
243,Price,US,2022-01-31 23:25:16,39.5994,-110.8107,42.12,30,0,5.75
244,Hami,CN,2022-01-31 23:25:17,42.8,93.45,20.46,38,0,3.29
245,Ponta Do Sol,PT,2022-01-31 23:25:17,32.6667,-17.1,66.0,85,35,11.83
246,Farias Brito,BR,2022-01-31 23:25:18,-6.9306,-39.5656,81.28,56,5,1.45
247,Bogorodskoye,RU,2022-01-31 23:25:18,56.55,37.8833,28.09,98,100,6.13
248,Najran,SA,2022-01-31 23:25:19,17.4924,44.1277,59.65,49,17,6.38
249,Proletariy,RU,2022-01-31 23:25:19,58.4342,31.7046,23.38,97,100,4.83
250,Tautira,PF,2022-01-31 23:25:20,-17.7333,-149.15,87.82,78,33,20.0
251,Igarka,RU,2022-01-31 23:25:20,67.4667,86.5833,3.11,95,100,14.52
252,Sosua,DO,2022-01-31 23:25:21,19.7667,-70.5167,76.98,94,75,0.0
253,Okha,RU,2022-01-31 23:25:22,53.5739,142.9478,4.82,91,99,23.55
254,Narsaq,GL,2022-01-31 23:22:36,60.9167,-46.05,26.82,92,100,5.23
255,Juneau,US,2022-01-31 23:25:22,58.3019,-134.4197,27.21,76,20,6.91
256,Dakar,SN,2022-01-31 23:25:23,14.6937,-17.4441,72.48,83,99,9.22
257,Atherton,GB,2022-01-31 23:25:23,53.5237,-2.4935,46.89,88,88,8.99
258,Port-Gentil,GA,2022-01-31 23:25:23,-0.7193,8.7815,80.89,79,48,8.66
259,Prince Rupert,CA,2022-01-31 23:25:24,54.3161,-130.3201,38.89,87,100,2.3
260,Birin,NP,2022-01-31 23:25:24,26.8865,88.0718,41.86,70,57,1.88
261,Kuraymah,SD,2022-01-31 23:25:25,18.55,31.85,53.42,29,0,13.89
262,Krapina,HR,2022-01-31 23:25:26,46.1608,15.8789,32.59,95,94,3.15
263,Sola,VU,2022-01-31 23:25:26,-13.8833,167.55,79.9,83,100,19.46
264,Ketchikan,US,2022-01-31 23:25:27,55.3422,-131.6461,39.18,87,100,0.0
265,Vao,NC,2022-01-31 23:24:29,-22.6667,167.4833,77.68,85,100,9.62
266,Tchibanga,GA,2022-01-31 23:25:27,-2.85,11.0333,72.5,92,93,2.62
267,Xingtai,CN,2022-01-31 23:25:28,37.0631,114.4942,26.13,36,1,3.15
268,Hamilton,US,2022-01-31 23:20:31,39.1834,-84.5333,37.24,64,0,0.0
269,Swan River,CA,2022-01-31 23:23:21,52.1058,-101.2676,15.69,92,100,20.71
270,Torbay,CA,2022-01-31 23:24:30,47.6666,-52.7314,32.58,76,75,14.97
271,Masvingo,ZW,2022-01-31 23:26:29,-20.0637,30.8277,64.53,79,17,3.91
272,Chabahar,IR,2022-01-31 23:26:30,25.2919,60.643,71.56,72,0,6.24
273,Fresno,US,2022-01-31 23:23:25,36.6666,-119.8343,61.03,50,100,3.44
274,Faridpur,BD,2022-01-31 23:26:31,23.6,89.8333,60.8,72,13,5.53
275,Bathsheba,BB,2022-01-31 23:26:31,13.2167,-59.5167,79.41,78,40,11.5
276,Alekseyevskoye,RU,2022-01-31 23:26:32,55.3071,50.1135,30.88,95,100,16.11
277,Dokka,NO,2022-01-31 23:26:32,60.84,10.0618,13.98,87,100,2.24
278,Uaua,BR,2022-01-31 23:26:33,-9.8414,-39.4817,85.98,37,57,8.86
279,Kropotkin,RU,2022-01-31 23:26:33,45.4375,40.5756,35.51,90,100,9.78
280,Mogadouro,PT,2022-01-31 23:26:34,41.3403,-6.7119,37.78,73,0,6.35
281,Hofn,IS,2022-01-31 23:25:05,64.2539,-15.2082,31.14,88,96,8.5
282,Nabire,ID,2022-01-31 23:26:34,-3.3667,135.4833,76.1,86,100,1.79
283,Bilma,NE,2022-01-31 23:26:35,18.6853,12.9164,56.23,19,0,5.66
284,Hoskote,IN,2022-01-31 23:26:35,13.0669,77.7983,66.4,100,40,5.75
285,Walvis Bay,NA,2022-01-31 23:26:36,-22.9575,14.5053,70.09,82,86,7.14
286,Cayenne,GF,2022-01-31 23:26:37,4.9333,-52.3333,81.09,84,20,3.0
287,Yellowknife,CA,2022-01-31 23:26:30,62.456,-114.3525,-9.58,83,20,5.75
288,Bardiyah,LY,2022-01-31 23:26:36,31.7561,25.0865,55.74,69,30,9.75
289,Vanimo,PG,2022-01-31 23:26:38,-2.6741,141.3028,78.17,77,100,5.21
290,Baicheng,CN,2022-01-31 23:26:38,45.6167,122.8167,-5.13,86,6,4.79
291,Leningradskiy,RU,2022-01-31 23:23:18,69.3833,178.4167,-17.34,95,36,9.28
292,Madaoua,NE,2022-01-31 23:26:39,14.073,5.96,60.98,10,0,13.58
293,Makakilo City,US,2022-01-31 23:26:40,21.3469,-158.0858,79.12,57,0,10.36
294,Mizdah,LY,2022-01-31 23:26:40,31.4451,12.9801,46.69,43,85,13.31
295,Nanortalik,GL,2022-01-31 23:26:41,60.1432,-45.2371,26.82,80,100,20.71
296,Praia Da Vitoria,PT,2022-01-31 23:26:41,38.7333,-27.0667,59.76,82,40,17.96
297,Saint George,US,2022-01-31 23:26:17,37.1041,-113.5841,63.07,16,0,1.99
298,Pandan,PH,2022-01-31 23:26:42,14.0453,124.1694,77.49,85,77,16.24
299,Haines Junction,CA,2022-01-31 23:26:42,60.7522,-137.5108,-13.05,58,94,3.44
300,Tuy Hoa,VN,2022-01-31 23:26:43,13.0833,109.3,73.38,90,38,5.77
301,Taoudenni,ML,2022-01-31 23:26:44,22.6783,-3.9836,69.35,8,70,13.53
302,Sao Felix Do Xingu,BR,2022-01-31 23:26:44,-6.6447,-51.995,72.14,96,91,1.03
303,Yuzhne,UA,2022-01-31 23:26:45,46.6221,31.1013,32.22,67,73,3.83
304,Tahta,EG,2022-01-31 23:26:45,26.7693,31.5021,49.77,77,5,2.75
305,Mezhgorye,UA,2022-01-31 23:26:46,44.9667,34.4167,32.27,85,55,7.85
306,Atambua,ID,2022-01-31 23:26:47,-9.1061,124.8925,75.06,85,98,12.19
307,San Jose,US,2022-01-31 23:23:51,37.3394,-121.895,63.41,66,100,1.01
308,Kutum,SD,2022-01-31 23:26:47,14.2,24.6667,50.81,25,0,9.6
309,Vagur,FO,2022-01-31 23:26:48,61.4732,-6.8119,46.58,89,100,34.63
310,Pietermaritzburg,ZA,2022-01-31 23:26:48,-29.6168,30.3928,71.69,96,94,2.35
311,Shimoda,JP,2022-01-31 23:26:49,34.6667,138.95,47.1,68,35,9.33
312,Caxito,AO,2022-01-31 23:25:08,-8.5785,13.6643,79.45,88,99,1.52
313,Keti Bandar,PK,2022-01-31 23:27:50,24.1447,67.4497,70.29,87,0,9.44
314,Quchan,IR,2022-01-31 23:27:50,37.106,58.5095,30.38,56,34,5.97
315,Sao Joao Da Barra,BR,2022-01-31 23:27:50,-21.6403,-41.0511,78.89,89,98,4.9
316,Requena,ES,2022-01-31 23:27:51,39.4883,-1.1004,50.13,59,1,6.78
317,Praia,CV,2022-01-31 23:27:52,14.9215,-23.5087,70.34,88,0,13.8
318,Kaa-Khem,RU,2022-01-31 23:27:52,51.6833,94.7333,-23.64,94,20,2.86
319,Tazovskiy,RU,2022-01-31 23:26:05,67.4667,78.7,2.05,97,100,5.41
320,Lompoc,US,2022-01-31 23:27:53,34.6391,-120.4579,66.51,73,0,9.22
321,Vostok,RU,2022-01-31 23:27:47,46.4856,135.8833,-9.67,98,99,4.32
322,Luan,CH,2022-01-31 23:27:53,46.3592,6.9759,29.37,89,100,3.0
323,Grand Forks,US,2022-01-31 23:27:19,47.9417,-97.4337,24.48,83,100,13.8
324,Sattahip,TH,2022-01-31 23:27:54,12.6664,100.9007,78.98,73,20,6.91
325,Ilyich,KZ,2022-01-31 23:27:55,40.8464,68.5067,37.11,64,28,3.89
326,Tigil,RU,2022-01-31 23:27:55,57.8,158.6667,12.04,85,4,7.87
327,Nador,MA,2022-01-31 23:27:56,35.174,-2.9287,66.45,27,0,9.22
328,Te Anau,NZ,2022-01-31 23:27:56,-45.4167,167.7167,70.72,48,87,2.04
329,Samarai,PG,2022-01-31 23:27:57,-10.6167,150.6667,83.75,69,100,12.53
330,Komsomolskiy,UZ,2022-01-31 23:27:57,40.4272,71.7189,29.62,80,98,4.61
331,Mogadishu,SO,2022-01-31 23:25:24,2.0371,45.3438,77.7,83,59,16.35
332,Broome,US,2022-01-31 23:27:58,42.2506,-75.833,20.55,69,8,1.01
333,Abonnema,NG,2022-01-31 23:27:59,4.7084,6.7931,75.81,50,63,4.63
334,Pacific Grove,US,2022-01-31 23:27:59,36.6177,-121.9166,60.28,84,75,1.01
335,Kendari,ID,2022-01-31 23:28:00,-3.945,122.4989,75.69,91,100,1.14
336,Aksarka,RU,2022-01-31 23:28:01,66.5606,67.7975,-19.73,100,89,5.35
337,Karaman,TR,2022-01-31 23:28:01,37.0833,33.25,24.91,97,90,3.38
338,Sistranda,NO,2022-01-31 23:28:02,63.7256,8.834,35.91,61,100,18.07
339,Kumluca,TR,2022-01-31 23:28:02,36.3703,30.2869,42.67,65,10,6.04
340,Candido Mendes,BR,2022-01-31 23:28:03,-1.4467,-45.7167,76.23,90,100,3.09
341,Nome,US,2022-01-31 23:28:03,64.5011,-165.4064,17.67,45,0,10.36
342,Kota Kinabalu,MY,2022-01-31 23:28:04,5.9749,116.0724,75.18,94,20,4.61
343,Aksu,CN,2022-01-31 23:28:04,41.1231,80.2644,25.36,45,16,3.74
344,Danilovka,RU,2022-01-31 23:28:05,50.3557,44.1168,33.26,93,99,15.79
345,Burnie,AU,2022-01-31 23:28:05,-41.0667,145.9167,72.95,57,68,12.53
346,Pedasi,PA,2022-01-31 23:28:06,7.5333,-80.0333,77.07,74,72,16.04
347,Bengkulu,ID,2022-01-31 23:28:07,-3.8004,102.2655,75.25,87,100,3.74
348,Santa Rosa,PH,2022-01-31 23:28:07,14.3122,121.1114,80.1,72,59,13.2
349,Auki,SB,2022-01-31 23:28:08,-8.7676,160.7034,83.19,74,99,2.8
350,Longyearbyen,SJ,2022-01-31 23:28:08,78.2186,15.6401,12.04,67,20,9.22
351,Nouadhibou,MR,2022-01-31 23:28:09,20.931,-17.0347,66.18,77,100,9.22
352,Viedma,AR,2022-01-31 23:28:09,-40.8135,-62.9967,75.04,21,46,2.35
353,Inirida,CO,2022-01-31 23:28:10,3.8653,-67.9239,80.6,53,83,0.85
354,Harper,LR,2022-01-31 23:23:33,4.375,-7.7169,79.41,82,33,6.4
355,Zhaotong,CN,2022-01-31 23:28:11,27.3167,103.7167,28.49,93,100,5.39
356,Thunder Bay,CA,2022-01-31 23:28:02,48.4001,-89.3168,26.58,82,75,8.05
357,Farah,AF,2022-01-31 23:29:11,32.5,62.5,45.23,35,40,3.56
358,Paka,MY,2022-01-31 23:29:12,4.6374,103.4368,75.13,94,40,1.14
359,Ohara,JP,2022-01-31 23:29:12,35.25,140.3833,43.95,42,93,5.39
360,Mitu,CO,2022-01-31 23:29:13,1.1983,-70.1733,76.98,62,100,0.51
361,Brooks,CA,2022-01-31 23:29:13,50.5834,-111.8851,12.83,60,100,24.16
362,Te Horo,NZ,2022-01-31 23:29:14,-40.8084,175.1233,77.86,65,95,5.99
363,Palestine,PS,2022-01-31 23:29:14,31.9216,35.2033,42.94,91,50,8.01
364,Mutum,BR,2022-01-31 23:29:15,-19.8,-41.4383,75.81,88,68,3.02
365,West Bay,KY,2022-01-31 23:29:16,19.3667,-81.4167,75.27,68,40,4.0
366,Salalah,OM,2022-01-31 23:24:35,17.0151,54.0924,68.09,77,0,3.44
367,Kamenka,RU,2022-01-31 23:29:16,51.3223,42.7678,32.76,88,100,17.52
368,Pavlodar,KZ,2022-01-31 23:29:17,52.3,76.95,21.0,86,100,6.71
369,Middle Island,US,2022-01-31 23:27:39,40.8843,-72.9373,27.25,62,0,0.0
370,Takoradi,GH,2022-01-31 23:29:18,4.8845,-1.7554,78.15,81,58,4.32
371,Mbumi,TZ,2022-01-31 23:27:13,-7.9058,39.2105,73.8,96,86,1.97
372,Frolovo,RU,2022-01-31 23:29:18,49.7713,43.6622,35.38,88,100,15.77
373,Yokadouma,CM,2022-01-31 23:29:19,3.5167,15.05,69.46,30,100,1.41
374,Synya,RU,2022-01-31 23:29:19,65.3718,58.0387,1.35,99,99,4.74
375,Hay River,CA,2022-01-31 23:29:20,60.8156,-115.7999,-4.02,71,40,9.22
376,Binga,ZW,2022-01-31 23:29:20,-17.6203,27.3414,70.23,92,16,4.94
377,Road Town,VG,2022-01-31 23:29:21,18.4167,-64.6167,78.84,73,20,3.44
378,Yar-Sale,RU,2022-01-31 23:29:21,66.8333,70.8333,-16.8,100,85,5.06
379,Esil,KZ,2022-01-31 23:29:22,51.9556,66.4042,22.28,95,100,15.14
380,Homer,US,2022-01-31 23:29:22,59.6425,-151.5483,29.05,74,0,0.0
381,Jalu,LY,2022-01-31 23:29:23,29.0331,21.5482,54.28,64,48,8.46
382,Antofagasta,CL,2022-01-31 23:29:23,-23.65,-70.4,69.08,74,1,6.87
383,Lulea,SE,2022-01-31 23:29:24,65.5842,22.1547,5.07,85,100,8.05
384,Northam,GB,2022-01-31 23:29:24,51.0333,-4.2167,48.61,86,85,19.33
385,Quito,EC,2022-01-31 23:27:20,-0.2299,-78.5249,50.95,91,99,1.12
386,Guerrero Negro,MX,2022-01-31 23:29:25,27.9769,-114.0611,67.17,44,5,11.52
387,Airai,TL,2022-01-31 23:29:26,-8.9266,125.4092,63.61,81,82,4.81
388,Puerto Carreno,CO,2022-01-31 23:29:26,6.189,-67.4859,91.38,38,40,4.61
389,Mogok,MM,2022-01-31 23:29:27,22.9167,96.5,47.53,66,0,2.35
390,Hirara,JP,2022-01-31 23:29:27,24.8,125.2833,64.67,63,75,9.22
391,Necochea,AR,2022-01-31 23:29:28,-38.5473,-58.7368,62.04,49,71,3.36
392,Ginir,ET,2022-01-31 23:29:29,7.1333,40.7,57.69,17,100,3.69
393,De-Kastri,RU,2022-01-31 23:29:29,51.4667,140.7833,6.51,82,100,17.31
394,Koforidua,GH,2022-01-31 23:29:30,6.0941,-0.2591,81.09,53,97,0.58
395,Tucurui,BR,2022-01-31 23:24:37,-3.7661,-49.6725,71.98,96,100,2.89
396,Yerbogachen,RU,2022-01-31 23:29:30,61.2767,108.0108,-10.82,100,97,2.24
397,Pitimbu,BR,2022-01-31 23:26:04,-7.4706,-34.8086,79.39,75,20,8.84
398,Rorvik,NO,2022-01-31 23:29:31,64.8621,11.2373,28.71,80,100,25.88
399,Buncrana,IE,2022-01-31 23:29:32,55.1333,-7.45,50.09,93,100,25.52
400,Derzhavinsk,KZ,2022-01-31 23:30:32,51.1,66.3167,19.65,95,100,16.08
401,College,US,2022-01-31 23:29:14,64.8569,-147.8028,-2.09,71,0,0.0
402,Aklavik,CA,2022-01-31 23:25:58,68.2191,-135.0107,1.4,78,75,11.5
403,Kuito,AO,2022-01-31 23:30:33,-12.3833,16.9333,57.45,90,96,6.13
404,Langsa,ID,2022-01-31 23:30:34,4.4683,97.9683,72.01,92,100,2.35
405,Huarmey,PE,2022-01-31 23:30:34,-10.0681,-78.1522,72.39,80,90,9.08
406,Ilawe,NG,2022-01-31 23:30:35,7.8667,4.4333,71.13,18,60,0.78
407,Tornio,FI,2022-01-31 23:30:35,65.8481,24.1466,-3.98,98,26,5.32
408,Porkhov,RU,2022-01-31 23:30:36,57.765,29.5561,26.49,97,100,4.16
409,Japura,ID,2022-01-31 23:30:36,-0.3167,102.35,73.83,94,71,1.25
410,Muros,ES,2022-01-31 23:29:36,42.7762,-9.0603,51.1,75,6,15.77
411,Troitsko-Pechorsk,RU,2022-01-31 23:30:37,62.7084,56.1964,-10.48,100,87,2.06
412,Saint Anthony,US,2022-01-31 23:30:38,45.0205,-93.218,29.14,74,75,7.0
413,Gewane,ET,2022-01-31 23:30:39,10.1664,40.6453,72.81,39,77,4.68
414,Znamenskoye,RU,2022-01-31 23:30:39,57.1281,73.8282,11.14,97,96,3.74
415,Mezen,RU,2022-01-31 23:30:40,65.8522,44.24,7.57,96,100,4.41
416,Puerto Escondido,MX,2022-01-31 23:30:40,15.85,-97.0667,85.03,61,40,11.5
417,Dothan,US,2022-01-31 23:26:12,31.2232,-85.3905,64.31,45,0,4.61
418,Hualmay,PE,2022-01-31 23:30:41,-11.0964,-77.6139,71.47,81,70,8.59
419,Itajai,BR,2022-01-31 23:25:50,-26.9078,-48.6619,81.0,83,40,4.61
420,Tamandare,BR,2022-01-31 23:30:42,-8.7597,-35.1047,78.94,79,14,6.17
421,Camacha,PT,2022-01-31 23:27:00,33.0833,-16.3333,62.53,82,20,23.02
422,Nantucket,US,2022-01-31 23:30:42,41.2835,-70.0995,24.1,63,0,5.75
423,Trat,TH,2022-01-31 23:30:43,12.5,102.5,83.98,91,30,1.3
424,Kinston,US,2022-01-31 23:30:24,35.2627,-77.5816,46.31,60,0,0.0
425,Luzino,RU,2022-01-31 23:30:44,54.9481,73.0353,22.77,100,40,13.42
426,Astoria,US,2022-01-31 23:30:45,46.1879,-123.8313,45.93,88,80,1.99
427,Iringa,TZ,2022-01-31 23:30:46,-7.7667,35.7,60.17,98,100,1.1
428,Valparaiso,CL,2022-01-31 23:30:46,-33.0393,-71.6273,67.48,77,0,6.91
429,Camabatela,AO,2022-01-31 23:30:47,-8.1881,15.375,62.78,98,89,1.86
430,Kuchera,IN,2022-01-31 23:30:47,26.9839,73.9719,61.65,59,0,7.45
431,Wonthaggi,AU,2022-01-31 23:30:48,-38.6044,145.5913,71.38,81,35,16.53
432,Sao Gabriel,BR,2022-01-31 23:30:48,-30.3364,-54.32,82.31,36,33,15.84
433,Sooke,CA,2022-01-31 23:30:49,48.3746,-123.7276,46.92,78,21,24.16
434,Mbekenyera,TZ,2022-01-31 23:30:50,-10.0,38.9833,69.39,97,42,2.91
435,Tabou,CI,2022-01-31 23:30:50,4.423,-7.3528,78.96,84,74,5.68
436,Culebra,PR,2022-01-31 23:30:51,18.303,-65.301,78.01,65,3,5.01
437,Kaili,ID,2022-01-31 23:30:51,-3.4626,120.2147,72.03,81,99,1.19
438,Egvekinot,RU,2022-01-31 23:30:52,66.3167,-179.1667,2.1,70,87,13.15
439,Mackenzie,CA,2022-01-31 23:30:52,55.2999,-123.1698,12.42,62,100,3.44
440,Vestmanna,FO,2022-01-31 23:30:53,62.1564,-7.1664,45.52,81,100,29.93
441,Andenes,NO,2022-01-31 23:30:53,69.3143,16.1194,26.58,80,100,13.8
442,Portland,US,2022-01-31 23:27:32,45.5234,-122.6762,49.51,79,100,3.0
443,Bageshwar,IN,2022-01-31 23:30:54,29.85,79.7667,40.53,65,3,2.91
444,Chicama,PE,2022-01-31 23:30:55,-7.8447,-79.1469,66.74,72,34,6.87
445,Muyezerskiy,RU,2022-01-31 23:30:55,63.9333,31.65,14.32,95,100,8.68
446,Lakes Entrance,AU,2022-01-31 23:31:56,-37.8811,147.981,83.57,59,2,8.75
447,Mayahi,NE,2022-01-31 23:31:56,13.9553,7.6712,58.23,11,3,13.78
448,Geraldton,AU,2022-01-31 23:31:19,-28.7667,114.6,72.01,56,11,17.27
449,Beringovskiy,RU,2022-01-31 23:27:01,63.05,179.3167,0.59,87,92,17.11
450,Linxia,CN,2022-01-31 23:31:57,35.6003,103.2064,13.42,85,88,3.27
451,San Quintin,MX,2022-01-31 23:31:58,30.4833,-115.95,61.75,63,82,11.03
452,Camopi,GF,2022-01-31 23:31:59,3.1655,-52.3158,71.74,99,83,2.44
453,Tungor,RU,2022-01-31 23:31:59,53.3808,142.9564,4.51,92,100,24.79
454,Borzya,RU,2022-01-31 23:32:00,50.3833,116.5167,-25.31,99,81,3.27
455,Uppsala,SE,2022-01-31 23:32:00,60.0,17.75,23.58,73,100,12.66
456,Tommot,RU,2022-01-31 23:32:01,58.9564,126.2925,-7.64,98,100,5.57
457,Wamba,NG,2022-01-31 23:32:01,8.9333,8.6,67.5,18,60,4.5
458,Srivardhan,IN,2022-01-31 23:32:02,18.0333,73.0167,67.8,55,9,5.61
459,Neuquen,AR,2022-01-31 23:28:53,-38.9516,-68.0591,84.09,23,0,4.61
460,Murray Bridge,AU,2022-01-31 23:30:05,-35.1167,139.2667,73.69,64,84,18.63
461,Altamira,BR,2022-01-31 23:32:03,-3.2033,-52.2064,73.62,98,99,2.01
462,Charlottesville,US,2022-01-31 23:32:04,38.0293,-78.4767,32.25,71,38,1.01
463,Nieuw Nickerie,SR,2022-01-31 23:32:05,5.95,-56.9833,77.92,81,86,12.37
464,Sao Jose Da Coroa Grande,BR,2022-01-31 23:32:05,-8.8978,-35.1478,79.25,78,13,7.23
465,Cervo,ES,2022-01-31 23:32:06,43.6702,-7.4101,51.96,81,88,11.81
466,Mega,ET,2022-01-31 23:32:06,4.05,38.3,61.27,39,63,6.64
467,Maldonado,UY,2022-01-31 23:31:27,-34.6667,-54.9167,65.59,65,5,5.91
468,Preobrazheniye,RU,2022-01-31 23:32:07,42.9019,133.9064,15.28,53,6,6.76
469,Asau,RO,2022-01-31 23:32:08,46.4333,26.4,25.72,86,100,4.27
470,Luderitz,NA,2022-01-31 23:32:08,-26.6481,15.1594,65.23,88,9,4.99
471,Rudbar,AF,2022-01-31 23:32:09,30.15,62.6,53.4,35,0,6.96
472,Moose Factory,CA,2022-01-31 23:32:09,51.2585,-80.6094,-2.2,60,75,9.22
473,Itarema,BR,2022-01-31 23:32:10,-2.9248,-39.9167,79.79,81,29,13.65
474,Sokoni,TZ,2022-01-31 23:32:11,-6.4333,39.55,79.88,76,33,8.72
475,Boddam,GB,2022-01-31 23:32:11,57.4667,-1.7833,46.54,89,100,22.95
476,Pithapuram,IN,2022-01-31 23:32:12,17.1167,82.2667,63.82,89,16,2.91
477,Padang,ID,2022-01-31 23:29:16,-0.9492,100.3543,77.05,88,62,3.18
478,Biak,ID,2022-01-31 23:28:12,-0.9131,122.8766,77.05,78,81,3.62
479,Skibbereen,IE,2022-01-31 23:32:13,51.55,-9.2667,48.0,85,81,20.8
480,Aloleng,PH,2022-01-31 23:32:13,16.1307,119.7824,77.74,70,10,11.45
481,Manggar,ID,2022-01-31 23:32:14,-2.8833,108.2667,79.74,79,100,6.51
482,Erenhot,CN,2022-01-31 23:32:14,43.6475,111.9767,-1.59,84,4,6.82
483,Codrington,AU,2022-01-31 23:30:01,-38.2667,141.9667,62.74,62,67,20.69
484,Sibu,MY,2022-01-31 23:32:16,2.3,111.8167,77.31,94,40,5.99
485,Gongzhuling,CN,2022-01-31 23:32:16,43.5008,124.8198,5.76,76,18,4.65
486,Solwezi,ZM,2022-01-31 23:32:17,-12.1688,26.3894,60.15,97,95,4.23
487,Aksha,RU,2022-01-31 23:32:17,50.2814,113.2867,-14.19,98,46,3.29
488,Midland,US,2022-01-31 23:29:33,31.9974,-102.0779,67.05,25,0,3.44
489,Sechura,PE,2022-01-31 23:33:19,-5.5569,-80.8222,74.88,67,100,12.17
490,Kirakira,SB,2022-01-31 23:33:19,-10.4544,161.9205,84.79,72,93,4.63
491,Inndyr,NO,2022-01-31 23:33:20,67.0338,14.0276,24.84,58,100,10.6
492,Chiredzi,ZW,2022-01-31 23:33:21,-21.05,31.6667,69.4,73,32,4.0
493,Shashi,CN,2022-01-31 23:33:21,30.3072,112.2447,37.36,72,82,6.04
494,Kazlu Ruda,LT,2022-01-31 23:33:22,54.7667,23.5,26.58,94,87,8.61
495,Acapulco,MX,2022-01-31 23:33:00,16.8634,-99.8901,84.02,61,20,10.36
496,Nata,PA,2022-01-31 23:33:23,8.3333,-80.5167,78.46,70,96,12.77
497,Basoko,CD,2022-01-31 23:32:44,1.2391,23.616,71.96,70,55,5.12
498,Ust-Tsilma,RU,2022-01-31 23:33:23,65.441,52.1498,0.03,98,100,3.67
499,Timmins,CA,2022-01-31 23:31:02,48.4669,-81.3331,13.82,73,100,8.05
500,Edea,CM,2022-01-31 23:33:24,3.8,10.1333,78.58,87,57,1.01
501,Bhum,IN,2022-01-31 23:33:25,18.4667,75.6667,65.53,27,2,9.33
502,Sarakhs,IR,2022-01-31 23:33:25,36.5449,61.1577,37.54,60,1,4.61
503,Santa Ana,US,2022-01-31 23:29:35,33.7456,-117.8678,69.64,57,75,1.99
504,Wencheng,CN,2022-01-31 23:33:26,33.0559,113.7978,30.87,60,69,3.76
505,Joao Camara,BR,2022-01-31 23:33:26,-5.5375,-35.8197,78.04,76,62,8.93
506,Taunggyi,MM,2022-01-31 23:33:27,20.7833,97.0333,43.63,62,3,3.76
507,Can Tho,VN,2022-01-31 23:33:28,10.0333,105.7833,75.18,94,20,6.91
508,Bandipur,NP,2022-01-31 23:33:28,27.9333,84.4167,46.85,76,90,2.13
509,Srednekolymsk,RU,2022-01-31 23:33:29,67.45,153.6833,-14.66,93,100,3.69
510,Eyl,SO,2022-01-31 23:33:29,7.9803,49.8164,76.64,74,51,15.23
511,Neiafu,TO,2022-01-31 23:33:30,-18.65,-173.9833,84.88,70,40,4.61
512,Mpika,ZM,2022-01-31 23:33:30,-11.8343,31.4529,59.31,97,22,0.87
513,Hobro,DK,2022-01-31 23:33:31,56.6431,9.7903,36.95,60,100,17.96
514,Kaspiyskiy,RU,2022-01-31 23:33:31,45.3929,47.3707,33.51,90,67,7.58
515,Alghero,IT,2022-01-31 23:33:32,40.5589,8.3181,53.69,66,0,14.97
516,Kilindoni,TZ,2022-01-31 23:33:32,-7.9139,39.6668,80.17,79,58,9.31
517,Batemans Bay,AU,2022-01-31 23:33:33,-35.7167,150.1833,90.19,54,5,2.95
518,Warrington,GB,2022-01-31 23:33:33,53.3925,-2.5802,47.44,88,75,11.01
519,Chumikan,RU,2022-01-31 23:33:34,54.7183,135.315,-4.47,86,75,14.67
520,Kargasok,RU,2022-01-31 23:33:34,59.0556,80.8572,4.51,95,90,8.63
521,Alcaniz,ES,2022-01-31 23:33:34,41.05,-0.1333,50.43,69,30,30.22
522,Hovd,MN,2022-01-31 23:33:35,48.0056,91.6419,-13.43,81,32,1.25
523,Kota Bahru,MY,2022-01-31 23:33:35,6.1333,102.2386,76.98,88,40,0.0
524,Hambantota,LK,2022-01-31 23:33:36,6.1241,81.1185,74.82,81,4,13.87
525,Kollam,IN,2022-01-31 23:33:36,8.8833,76.6,78.67,83,1,5.5
526,Morlaix,FR,2022-01-31 23:33:37,48.5833,-4.0,48.36,87,100,6.91
527,Lagos De Moreno,MX,2022-01-31 23:33:37,21.35,-101.9167,76.19,18,10,19.48
528,Defiance,US,2022-01-31 23:33:38,41.3334,-84.45,27.19,63,0,6.91
529,Aromashevo,RU,2022-01-31 23:33:39,56.8602,68.6375,5.7,98,91,3.76
530,Laguna,US,2022-01-31 23:33:39,38.421,-121.4238,65.14,52,0,1.99
531,Marawi,PH,2022-01-31 23:33:40,7.9986,124.2928,69.98,90,100,1.21
532,Loandjili,CG,2022-01-31 23:33:40,-4.7561,11.8578,78.91,89,75,4.61
533,Kemijarvi,FI,2022-01-31 23:33:41,66.7131,27.4306,-5.55,100,69,2.37
534,Gejiu,CN,2022-01-31 23:34:41,23.306,103.1635,37.26,95,100,4.29
535,Port Augusta,AU,2022-01-31 23:33:05,-32.5,137.7667,73.71,68,100,20.78
536,Alma,CA,2022-01-31 23:31:57,48.5501,-71.6491,-2.07,97,44,3.18
537,Klyuchi,RU,2022-01-31 23:34:42,52.2667,79.1667,6.15,97,71,7.0
538,Dingle,PH,2022-01-31 23:34:43,10.9995,122.6711,77.59,88,100,9.06
539,Bodden Town,KY,2022-01-31 23:34:43,19.2833,-81.25,75.2,66,40,5.01
